path,label,type,f0_base
D:\Program Files Drive D\Voice detection\SIH26104_Voice_Shield\data\real\real_spk_0000.wav,0,real,251.37500362173532
D:\Program Files Drive D\Voice detection\SIH26104_Voice_Shield\data\fake\fake_clone_0000.wav,1,fake,251.37500362173532
D:\Program Files Drive D\Voice detection\SIH26104_Voice_Shield\data\real\real_spk_0001.wav,0,real,166.12811068835794
D:\Program Files Drive D\Voice detection\SIH26104_Voice_Shield\data\fake\fake_clone_0001.wav,1,fake,166.12811068835794
D:\Program Files Drive D\Voice detection\SIH26104_Voice_Shield\data\real\real_spk_0002.wav,0,real,114.53023517567766
D:\Program Files Drive D\Voice detection\SIH26104_Voice_Shield\data\fake\fake_clone_0002.wav,1,fake,114.53023517567766
D:\Program Files Drive D\Voice detection\SIH26104_Voice_Shield\data\real\real_spk_0003.wav,0,real,192.7197372649532
D:\Program Files Drive D\Voice detection\SIH26104_Voice_Shield\data\fake\fake_clone_0003.wav,1,fake,192.7197372649532
D:\Program Files Drive D\Voice detection\SIH26104_Voice_Shield\data\real\real_spk_0004.wav,0,real,126.70934437037704
D:\Program Files Drive D\Voice detection\SIH26104_Voice_Shield\data\fake\fake_clone_0004.wav,1,fake,126.70934437037704
D:\Program Files Drive D\Voice detection\SIH26104_Voice_Shield\data\real\real_spk_0005.wav,0,real,208.68777011644502
D:\Program Files Drive D\Voice detection\SIH26104_Voice_Shield\data\fake\fake_clone_0005.wav,1,fake,208.68777011644502
D:\Program Files Drive D\Voice detection\SIH26104_Voice_Shield\data\real\real_spk_0006.wav,0,real,253.22438755082743
D:\Program Files Drive D\Voice detection\SIH26104_Voice_Shield\data\fake\fake_clone_0006.wav,1,fake,253.22438755082743
D:\Program Files Drive D\Voice detection\SIH26104_Voice_Shield\data\real\real_spk_0007.wav,0,real,140.41762140435605
D:\Program Files Drive D\Voice detection\SIH26104_Voice_Shield\data\fake\fake_clone_0007.wav,1,fake,140.41762140435605
D:\Program Files Drive D\Voice detection\SIH26104_Voice_Shield\data\real\real_spk_0008.wav,0,real,184.57696740587977
D:\Program Files Drive D\Voice detection\SIH26104_Voice_Shield\data\fake\fake_clone_0008.wav,1,fake,184.57696740587977
D:\Program Files Drive D\Voice detection\SIH26104_Voice_Shield\data\real\real_spk_0009.wav,0,real,249.51540556969005
D:\Program Files Drive D\Voice detection\SIH26104_Voice_Shield\data\fake\fake_clone_0009.wav,1,fake,249.51540556969005
D:\Program Files Drive D\Voice detection\SIH26104_Voice_Shield\data\real\real_spk_0010.wav,0,real,195.56601997534733
D:\Program Files Drive D\Voice detection\SIH26104_Voice_Shield\data\fake\fake_clone_0010.wav,1,fake,195.56601997534733
D:\Program Files Drive D\Voice detection\SIH26104_Voice_Shield\data\real\real_spk_0011.wav,0,real,184.02916073476905
D:\Program Files Drive D\Voice detection\SIH26104_Voice_Shield\data\fake\fake_clone_0011.wav,1,fake,184.02916073476905
D:\Program Files Drive D\Voice detection\SIH26104_Voice_Shield\data\real\real_spk_0012.wav,0,real,140.8603971861028
D:\Program Files Drive D\Voice detection\SIH26104_Voice_Shield\data\fake\fake_clone_0012.wav,1,fake,140.8603971861028
D:\Program Files Drive D\Voice detection\SIH26104_Voice_Shield\data\real\real_spk_0013.wav,0,real,171.52398486798683
D:\Program Files Drive D\Voice detection\SIH26104_Voice_Shield\data\fake\fake_clone_0013.wav,1,fake,171.52398486798683
D:\Program Files Drive D\Voice detection\SIH26104_Voice_Shield\data\real\real_spk_0014.wav,0,real,174.12283458622528
D:\Program Files Drive D\Voice detection\SIH26104_Voice_Shield\data\fake\fake_clone_0014.wav,1,fake,174.12283458622528
D:\Program Files Drive D\Voice detection\SIH26104_Voice_Shield\data\real\real_spk_0015.wav,0,real,121.51353592527994
D:\Program Files Drive D\Voice detection\SIH26104_Voice_Shield\data\fake\fake_clone_0015.wav,1,fake,121.51353592527994
D:\Program Files Drive D\Voice detection\SIH26104_Voice_Shield\data\real\real_spk_0016.wav,0,real,181.89074306785432
D:\Program Files Drive D\Voice detection\SIH26104_Voice_Shield\data\fake\fake_clone_0016.wav,1,fake,181.89074306785432
D:\Program Files Drive D\Voice detection\SIH26104_Voice_Shield\data\real\real_spk_0017.wav,0,real,225.15427847344355
D:\Program Files Drive D\Voice detection\SIH26104_Voice_Shield\data\fake\fake_clone_0017.wav,1,fake,225.15427847344355
D:\Program Files Drive D\Voice detection\SIH26104_Voice_Shield\data\real\real_spk_0018.wav,0,real,200.52620285986478
D:\Program Files Drive D\Voice detection\SIH26104_Voice_Shield\data\fake\fake_clone_0018.wav,1,fake,200.52620285986478
D:\Program Files Drive D\Voice detection\SIH26104_Voice_Shield\data\real\real_spk_0019.wav,0,real,124.14419755366623
D:\Program Files Drive D\Voice detection\SIH26104_Voice_Shield\data\fake\fake_clone_0019.wav,1,fake,124.14419755366623
D:\Program Files Drive D\Voice detection\SIH26104_Voice_Shield\data\real\real_spk_0020.wav,0,real,107.86590976648681
D:\Program Files Drive D\Voice detection\SIH26104_Voice_Shield\data\fake\fake_clone_0020.wav,1,fake,107.86590976648681
D:\Program Files Drive D\Voice detection\SIH26104_Voice_Shield\data\real\real_spk_0021.wav,0,real,191.5298362132915
D:\Program Files Drive D\Voice detection\SIH26104_Voice_Shield\data\fake\fake_clone_0021.wav,1,fake,191.5298362132915
D:\Program Files Drive D\Voice detection\SIH26104_Voice_Shield\data\real\real_spk_0022.wav,0,real,114.96848552792812
D:\Program Files Drive D\Voice detection\SIH26104_Voice_Shield\data\fake\fake_clone_0022.wav,1,fake,114.96848552792812
D:\Program Files Drive D\Voice detection\SIH26104_Voice_Shield\data\real\real_spk_0023.wav,0,real,213.78012154406565
D:\Program Files Drive D\Voice detection\SIH26104_Voice_Shield\data\fake\fake_clone_0023.wav,1,fake,213.78012154406565
D:\Program Files Drive D\Voice detection\SIH26104_Voice_Shield\data\real\real_spk_0024.wav,0,real,209.9534628445321
D:\Program Files Drive D\Voice detection\SIH26104_Voice_Shield\data\fake\fake_clone_0024.wav,1,fake,209.9534628445321
D:\Program Files Drive D\Voice detection\SIH26104_Voice_Shield\data\real\real_spk_0025.wav,0,real,111.76011585829468
D:\Program Files Drive D\Voice detection\SIH26104_Voice_Shield\data\fake\fake_clone_0025.wav,1,fake,111.76011585829468
D:\Program Files Drive D\Voice detection\SIH26104_Voice_Shield\data\real\real_spk_0026.wav,0,real,223.94753354393552
D:\Program Files Drive D\Voice detection\SIH26104_Voice_Shield\data\fake\fake_clone_0026.wav,1,fake,223.94753354393552
D:\Program Files Drive D\Voice detection\SIH26104_Voice_Shield\data\real\real_spk_0027.wav,0,real,204.91794274753704
D:\Program Files Drive D\Voice detection\SIH26104_Voice_Shield\data\fake\fake_clone_0027.wav,1,fake,204.91794274753704
D:\Program Files Drive D\Voice detection\SIH26104_Voice_Shield\data\real\real_spk_0028.wav,0,real,237.20844236537775
D:\Program Files Drive D\Voice detection\SIH26104_Voice_Shield\data\fake\fake_clone_0028.wav,1,fake,237.20844236537775
D:\Program Files Drive D\Voice detection\SIH26104_Voice_Shield\data\real\real_spk_0029.wav,0,real,239.77640010806925
D:\Program Files Drive D\Voice detection\SIH26104_Voice_Shield\data\fake\fake_clone_0029.wav,1,fake,239.77640010806925
D:\Program Files Drive D\Voice detection\SIH26104_Voice_Shield\data\real\real_spk_0030.wav,0,real,214.84613501168897
D:\Program Files Drive D\Voice detection\SIH26104_Voice_Shield\data\fake\fake_clone_0030.wav,1,fake,214.84613501168897
D:\Program Files Drive D\Voice detection\SIH26104_Voice_Shield\data\real\real_spk_0031.wav,0,real,155.31129892776093
D:\Program Files Drive D\Voice detection\SIH26104_Voice_Shield\data\fake\fake_clone_0031.wav,1,fake,155.31129892776093
D:\Program Files Drive D\Voice detection\SIH26104_Voice_Shield\data\real\real_spk_0032.wav,0,real,144.76686308573784
D:\Program Files Drive D\Voice detection\SIH26104_Voice_Shield\data\fake\fake_clone_0032.wav,1,fake,144.76686308573784
D:\Program Files Drive D\Voice detection\SIH26104_Voice_Shield\data\real\real_spk_0033.wav,0,real,137.7007100960562
D:\Program Files Drive D\Voice detection\SIH26104_Voice_Shield\data\fake\fake_clone_0033.wav,1,fake,137.7007100960562
D:\Program Files Drive D\Voice detection\SIH26104_Voice_Shield\data\real\real_spk_0034.wav,0,real,153.17259601998018
D:\Program Files Drive D\Voice detection\SIH26104_Voice_Shield\data\fake\fake_clone_0034.wav,1,fake,153.17259601998018
D:\Program Files Drive D\Voice detection\SIH26104_Voice_Shield\data\real\real_spk_0035.wav,0,real,100.39528829805515
D:\Program Files Drive D\Voice detection\SIH26104_Voice_Shield\data\fake\fake_clone_0035.wav,1,fake,100.39528829805515
D:\Program Files Drive D\Voice detection\SIH26104_Voice_Shield\data\real\real_spk_0036.wav,0,real,195.3743756147391
D:\Program Files Drive D\Voice detection\SIH26104_Voice_Shield\data\fake\fake_clone_0036.wav,1,fake,195.3743756147391
D:\Program Files Drive D\Voice detection\SIH26104_Voice_Shield\data\real\real_spk_0037.wav,0,real,189.2756618897922
D:\Program Files Drive D\Voice detection\SIH26104_Voice_Shield\data\fake\fake_clone_0037.wav,1,fake,189.2756618897922
D:\Program Files Drive D\Voice detection\SIH26104_Voice_Shield\data\real\real_spk_0038.wav,0,real,251.60616948357892
D:\Program Files Drive D\Voice detection\SIH26104_Voice_Shield\data\fake\fake_clone_0038.wav,1,fake,251.60616948357892
D:\Program Files Drive D\Voice detection\SIH26104_Voice_Shield\data\real\real_spk_0039.wav,0,real,98.74628222991511
D:\Program Files Drive D\Voice detection\SIH26104_Voice_Shield\data\fake\fake_clone_0039.wav,1,fake,98.74628222991511
D:\Program Files Drive D\Voice detection\SIH26104_Voice_Shield\data\real\real_spk_0040.wav,0,real,191.4002381431972
D:\Program Files Drive D\Voice detection\SIH26104_Voice_Shield\data\fake\fake_clone_0040.wav,1,fake,191.4002381431972
D:\Program Files Drive D\Voice detection\SIH26104_Voice_Shield\data\real\real_spk_0041.wav,0,real,104.62977413465018
D:\Program Files Drive D\Voice detection\SIH26104_Voice_Shield\data\fake\fake_clone_0041.wav,1,fake,104.62977413465018
D:\Program Files Drive D\Voice detection\SIH26104_Voice_Shield\data\real\real_spk_0042.wav,0,real,167.73238416303107
D:\Program Files Drive D\Voice detection\SIH26104_Voice_Shield\data\fake\fake_clone_0042.wav,1,fake,167.73238416303107
D:\Program Files Drive D\Voice detection\SIH26104_Voice_Shield\data\real\real_spk_0043.wav,0,real,213.7761494385644
D:\Program Files Drive D\Voice detection\SIH26104_Voice_Shield\data\fake\fake_clone_0043.wav,1,fake,213.7761494385644
D:\Program Files Drive D\Voice detection\SIH26104_Voice_Shield\data\real\real_spk_0044.wav,0,real,224.4813170430099
D:\Program Files Drive D\Voice detection\SIH26104_Voice_Shield\data\fake\fake_clone_0044.wav,1,fake,224.4813170430099
D:\Program Files Drive D\Voice detection\SIH26104_Voice_Shield\data\real\real_spk_0045.wav,0,real,183.3603712659388
D:\Program Files Drive D\Voice detection\SIH26104_Voice_Shield\data\fake\fake_clone_0045.wav,1,fake,183.3603712659388
D:\Program Files Drive D\Voice detection\SIH26104_Voice_Shield\data\real\real_spk_0046.wav,0,real,156.14817477083676
D:\Program Files Drive D\Voice detection\SIH26104_Voice_Shield\data\fake\fake_clone_0046.wav,1,fake,156.14817477083676
D:\Program Files Drive D\Voice detection\SIH26104_Voice_Shield\data\real\real_spk_0047.wav,0,real,145.60515666693811
D:\Program Files Drive D\Voice detection\SIH26104_Voice_Shield\data\fake\fake_clone_0047.wav,1,fake,145.60515666693811
D:\Program Files Drive D\Voice detection\SIH26104_Voice_Shield\data\real\real_spk_0048.wav,0,real,122.06443471392987
D:\Program Files Drive D\Voice detection\SIH26104_Voice_Shield\data\fake\fake_clone_0048.wav,1,fake,122.06443471392987
D:\Program Files Drive D\Voice detection\SIH26104_Voice_Shield\data\real\real_spk_0049.wav,0,real,118.02653582078025
D:\Program Files Drive D\Voice detection\SIH26104_Voice_Shield\data\fake\fake_clone_0049.wav,1,fake,118.02653582078025
D:\Program Files Drive D\Voice detection\SIH26104_Voice_Shield\data\real\real_spk_0050.wav,0,real,259.52025686209015
D:\Program Files Drive D\Voice detection\SIH26104_Voice_Shield\data\fake\fake_clone_0050.wav,1,fake,259.52025686209015
D:\Program Files Drive D\Voice detection\SIH26104_Voice_Shield\data\real\real_spk_0051.wav,0,real,198.342749111587
D:\Program Files Drive D\Voice detection\SIH26104_Voice_Shield\data\fake\fake_clone_0051.wav,1,fake,198.342749111587
D:\Program Files Drive D\Voice detection\SIH26104_Voice_Shield\data\real\real_spk_0052.wav,0,real,208.19982936847185
D:\Program Files Drive D\Voice detection\SIH26104_Voice_Shield\data\fake\fake_clone_0052.wav,1,fake,208.19982936847185
D:\Program Files Drive D\Voice detection\SIH26104_Voice_Shield\data\real\real_spk_0053.wav,0,real,132.27987956287814
D:\Program Files Drive D\Voice detection\SIH26104_Voice_Shield\data\fake\fake_clone_0053.wav,1,fake,132.27987956287814
D:\Program Files Drive D\Voice detection\SIH26104_Voice_Shield\data\real\real_spk_0054.wav,0,real,174.05026707934303
D:\Program Files Drive D\Voice detection\SIH26104_Voice_Shield\data\fake\fake_clone_0054.wav,1,fake,174.05026707934303
D:\Program Files Drive D\Voice detection\SIH26104_Voice_Shield\data\real\real_spk_0055.wav,0,real,129.54013656908273
D:\Program Files Drive D\Voice detection\SIH26104_Voice_Shield\data\fake\fake_clone_0055.wav,1,fake,129.54013656908273
D:\Program Files Drive D\Voice detection\SIH26104_Voice_Shield\data\real\real_spk_0056.wav,0,real,235.35847408938093
D:\Program Files Drive D\Voice detection\SIH26104_Voice_Shield\data\fake\fake_clone_0056.wav,1,fake,235.35847408938093
D:\Program Files Drive D\Voice detection\SIH26104_Voice_Shield\data\real\real_spk_0057.wav,0,real,122.16935031420533
D:\Program Files Drive D\Voice detection\SIH26104_Voice_Shield\data\fake\fake_clone_0057.wav,1,fake,122.16935031420533
D:\Program Files Drive D\Voice detection\SIH26104_Voice_Shield\data\real\real_spk_0058.wav,0,real,252.96459799703604
D:\Program Files Drive D\Voice detection\SIH26104_Voice_Shield\data\fake\fake_clone_0058.wav,1,fake,252.96459799703604
D:\Program Files Drive D\Voice detection\SIH26104_Voice_Shield\data\real\real_spk_0059.wav,0,real,151.70125036463867
D:\Program Files Drive D\Voice detection\SIH26104_Voice_Shield\data\fake\fake_clone_0059.wav,1,fake,151.70125036463867
D:\Program Files Drive D\Voice detection\SIH26104_Voice_Shield\data\real\real_spk_0060.wav,0,real,187.74969980677133
D:\Program Files Drive D\Voice detection\SIH26104_Voice_Shield\data\fake\fake_clone_0060.wav,1,fake,187.74969980677133
D:\Program Files Drive D\Voice detection\SIH26104_Voice_Shield\data\real\real_spk_0061.wav,0,real,229.88750216484473
D:\Program Files Drive D\Voice detection\SIH26104_Voice_Shield\data\fake\fake_clone_0061.wav,1,fake,229.88750216484473
D:\Program Files Drive D\Voice detection\SIH26104_Voice_Shield\data\real\real_spk_0062.wav,0,real,112.33249397516025
D:\Program Files Drive D\Voice detection\SIH26104_Voice_Shield\data\fake\fake_clone_0062.wav,1,fake,112.33249397516025
D:\Program Files Drive D\Voice detection\SIH26104_Voice_Shield\data\real\real_spk_0063.wav,0,real,173.01963986543655
D:\Program Files Drive D\Voice detection\SIH26104_Voice_Shield\data\fake\fake_clone_0063.wav,1,fake,173.01963986543655
D:\Program Files Drive D\Voice detection\SIH26104_Voice_Shield\data\real\real_spk_0064.wav,0,real,227.3371909705155
D:\Program Files Drive D\Voice detection\SIH26104_Voice_Shield\data\fake\fake_clone_0064.wav,1,fake,227.3371909705155
D:\Program Files Drive D\Voice detection\SIH26104_Voice_Shield\data\real\real_spk_0065.wav,0,real,235.61742791188232
D:\Program Files Drive D\Voice detection\SIH26104_Voice_Shield\data\fake\fake_clone_0065.wav,1,fake,235.61742791188232
D:\Program Files Drive D\Voice detection\SIH26104_Voice_Shield\data\real\real_spk_0066.wav,0,real,199.90706719753018
D:\Program Files Drive D\Voice detection\SIH26104_Voice_Shield\data\fake\fake_clone_0066.wav,1,fake,199.90706719753018
D:\Program Files Drive D\Voice detection\SIH26104_Voice_Shield\data\real\real_spk_0067.wav,0,real,249.1100716594322
D:\Program Files Drive D\Voice detection\SIH26104_Voice_Shield\data\fake\fake_clone_0067.wav,1,fake,249.1100716594322
D:\Program Files Drive D\Voice detection\SIH26104_Voice_Shield\data\real\real_spk_0068.wav,0,real,94.14589908271705
D:\Program Files Drive D\Voice detection\SIH26104_Voice_Shield\data\fake\fake_clone_0068.wav,1,fake,94.14589908271705
D:\Program Files Drive D\Voice detection\SIH26104_Voice_Shield\data\real\real_spk_0069.wav,0,real,130.84246759764815
D:\Program Files Drive D\Voice detection\SIH26104_Voice_Shield\data\fake\fake_clone_0069.wav,1,fake,130.84246759764815
D:\Program Files Drive D\Voice detection\SIH26104_Voice_Shield\data\real\real_spk_0070.wav,0,real,209.97839135652413
D:\Program Files Drive D\Voice detection\SIH26104_Voice_Shield\data\fake\fake_clone_0070.wav,1,fake,209.97839135652413
D:\Program Files Drive D\Voice detection\SIH26104_Voice_Shield\data\real\real_spk_0071.wav,0,real,92.15834993852158
D:\Program Files Drive D\Voice detection\SIH26104_Voice_Shield\data\fake\fake_clone_0071.wav,1,fake,92.15834993852158
D:\Program Files Drive D\Voice detection\SIH26104_Voice_Shield\data\real\real_spk_0072.wav,0,real,176.36781409072177
D:\Program Files Drive D\Voice detection\SIH26104_Voice_Shield\data\fake\fake_clone_0072.wav,1,fake,176.36781409072177
D:\Program Files Drive D\Voice detection\SIH26104_Voice_Shield\data\real\real_spk_0073.wav,0,real,93.47456658903992
D:\Program Files Drive D\Voice detection\SIH26104_Voice_Shield\data\fake\fake_clone_0073.wav,1,fake,93.47456658903992
D:\Program Files Drive D\Voice detection\SIH26104_Voice_Shield\data\real\real_spk_0074.wav,0,real,171.74389417419889
D:\Program Files Drive D\Voice detection\SIH26104_Voice_Shield\data\fake\fake_clone_0074.wav,1,fake,171.74389417419889
D:\Program Files Drive D\Voice detection\SIH26104_Voice_Shield\data\real\real_spk_0075.wav,0,real,193.07036062933344
D:\Program Files Drive D\Voice detection\SIH26104_Voice_Shield\data\fake\fake_clone_0075.wav,1,fake,193.07036062933344
D:\Program Files Drive D\Voice detection\SIH26104_Voice_Shield\data\real\real_spk_0076.wav,0,real,93.75849961717046
D:\Program Files Drive D\Voice detection\SIH26104_Voice_Shield\data\fake\fake_clone_0076.wav,1,fake,93.75849961717046
D:\Program Files Drive D\Voice detection\SIH26104_Voice_Shield\data\real\real_spk_0077.wav,0,real,169.08621842983666
D:\Program Files Drive D\Voice detection\SIH26104_Voice_Shield\data\fake\fake_clone_0077.wav,1,fake,169.08621842983666
D:\Program Files Drive D\Voice detection\SIH26104_Voice_Shield\data\real\real_spk_0078.wav,0,real,146.4800514484521
D:\Program Files Drive D\Voice detection\SIH26104_Voice_Shield\data\fake\fake_clone_0078.wav,1,fake,146.4800514484521
D:\Program Files Drive D\Voice detection\SIH26104_Voice_Shield\data\real\real_spk_0079.wav,0,real,152.0293425005799
D:\Program Files Drive D\Voice detection\SIH26104_Voice_Shield\data\fake\fake_clone_0079.wav,1,fake,152.0293425005799
D:\Program Files Drive D\Voice detection\SIH26104_Voice_Shield\data\real\real_spk_0080.wav,0,real,107.66077574766302
D:\Program Files Drive D\Voice detection\SIH26104_Voice_Shield\data\fake\fake_clone_0080.wav,1,fake,107.66077574766302
D:\Program Files Drive D\Voice detection\SIH26104_Voice_Shield\data\real\real_spk_0081.wav,0,real,170.3635956210971
D:\Program Files Drive D\Voice detection\SIH26104_Voice_Shield\data\fake\fake_clone_0081.wav,1,fake,170.3635956210971
D:\Program Files Drive D\Voice detection\SIH26104_Voice_Shield\data\real\real_spk_0082.wav,0,real,145.29938708535792
D:\Program Files Drive D\Voice detection\SIH26104_Voice_Shield\data\fake\fake_clone_0082.wav,1,fake,145.29938708535792
D:\Program Files Drive D\Voice detection\SIH26104_Voice_Shield\data\real\real_spk_0083.wav,0,real,232.70446448457415
D:\Program Files Drive D\Voice detection\SIH26104_Voice_Shield\data\fake\fake_clone_0083.wav,1,fake,232.70446448457415
D:\Program Files Drive D\Voice detection\SIH26104_Voice_Shield\data\real\real_spk_0084.wav,0,real,157.43302079216664
D:\Program Files Drive D\Voice detection\SIH26104_Voice_Shield\data\fake\fake_clone_0084.wav,1,fake,157.43302079216664
D:\Program Files Drive D\Voice detection\SIH26104_Voice_Shield\data\real\real_spk_0085.wav,0,real,175.02296253544498
D:\Program Files Drive D\Voice detection\SIH26104_Voice_Shield\data\fake\fake_clone_0085.wav,1,fake,175.02296253544498
D:\Program Files Drive D\Voice detection\SIH26104_Voice_Shield\data\real\real_spk_0086.wav,0,real,216.1685270938856
D:\Program Files Drive D\Voice detection\SIH26104_Voice_Shield\data\fake\fake_clone_0086.wav,1,fake,216.1685270938856
D:\Program Files Drive D\Voice detection\SIH26104_Voice_Shield\data\real\real_spk_0087.wav,0,real,116.6702144677448
D:\Program Files Drive D\Voice detection\SIH26104_Voice_Shield\data\fake\fake_clone_0087.wav,1,fake,116.6702144677448
D:\Program Files Drive D\Voice detection\SIH26104_Voice_Shield\data\real\real_spk_0088.wav,0,real,202.09997203134472
D:\Program Files Drive D\Voice detection\SIH26104_Voice_Shield\data\fake\fake_clone_0088.wav,1,fake,202.09997203134472
D:\Program Files Drive D\Voice detection\SIH26104_Voice_Shield\data\real\real_spk_0089.wav,0,real,224.13302088753468
D:\Program Files Drive D\Voice detection\SIH26104_Voice_Shield\data\fake\fake_clone_0089.wav,1,fake,224.13302088753468
D:\Program Files Drive D\Voice detection\SIH26104_Voice_Shield\data\real\real_spk_0090.wav,0,real,179.71642032463038
D:\Program Files Drive D\Voice detection\SIH26104_Voice_Shield\data\fake\fake_clone_0090.wav,1,fake,179.71642032463038
D:\Program Files Drive D\Voice detection\SIH26104_Voice_Shield\data\real\real_spk_0091.wav,0,real,238.06267720429804
D:\Program Files Drive D\Voice detection\SIH26104_Voice_Shield\data\fake\fake_clone_0091.wav,1,fake,238.06267720429804
D:\Program Files Drive D\Voice detection\SIH26104_Voice_Shield\data\real\real_spk_0092.wav,0,real,257.844670456167
D:\Program Files Drive D\Voice detection\SIH26104_Voice_Shield\data\fake\fake_clone_0092.wav,1,fake,257.844670456167
D:\Program Files Drive D\Voice detection\SIH26104_Voice_Shield\data\real\real_spk_0093.wav,0,real,250.06103952101748
D:\Program Files Drive D\Voice detection\SIH26104_Voice_Shield\data\fake\fake_clone_0093.wav,1,fake,250.06103952101748
D:\Program Files Drive D\Voice detection\SIH26104_Voice_Shield\data\real\real_spk_0094.wav,0,real,92.58451089332011
D:\Program Files Drive D\Voice detection\SIH26104_Voice_Shield\data\fake\fake_clone_0094.wav,1,fake,92.58451089332011
D:\Program Files Drive D\Voice detection\SIH26104_Voice_Shield\data\real\real_spk_0095.wav,0,real,240.8144819187196
D:\Program Files Drive D\Voice detection\SIH26104_Voice_Shield\data\fake\fake_clone_0095.wav,1,fake,240.8144819187196
D:\Program Files Drive D\Voice detection\SIH26104_Voice_Shield\data\real\real_spk_0096.wav,0,real,148.10401642988703
D:\Program Files Drive D\Voice detection\SIH26104_Voice_Shield\data\fake\fake_clone_0096.wav,1,fake,148.10401642988703
D:\Program Files Drive D\Voice detection\SIH26104_Voice_Shield\data\real\real_spk_0097.wav,0,real,156.3251650413199
D:\Program Files Drive D\Voice detection\SIH26104_Voice_Shield\data\fake\fake_clone_0097.wav,1,fake,156.3251650413199
D:\Program Files Drive D\Voice detection\SIH26104_Voice_Shield\data\real\real_spk_0098.wav,0,real,256.120253066847
D:\Program Files Drive D\Voice detection\SIH26104_Voice_Shield\data\fake\fake_clone_0098.wav,1,fake,256.120253066847
D:\Program Files Drive D\Voice detection\SIH26104_Voice_Shield\data\real\real_spk_0099.wav,0,real,216.8263306662076
D:\Program Files Drive D\Voice detection\SIH26104_Voice_Shield\data\fake\fake_clone_0099.wav,1,fake,216.8263306662076
D:\Program Files Drive D\Voice detection\SIH26104_Voice_Shield\data\real\real_spk_0100.wav,0,real,258.6073759962562
D:\Program Files Drive D\Voice detection\SIH26104_Voice_Shield\data\fake\fake_clone_0100.wav,1,fake,258.6073759962562
D:\Program Files Drive D\Voice detection\SIH26104_Voice_Shield\data\real\real_spk_0101.wav,0,real,178.23927808664934
D:\Program Files Drive D\Voice detection\SIH26104_Voice_Shield\data\fake\fake_clone_0101.wav,1,fake,178.23927808664934
D:\Program Files Drive D\Voice detection\SIH26104_Voice_Shield\data\real\real_spk_0102.wav,0,real,141.49660273776072
D:\Program Files Drive D\Voice detection\SIH26104_Voice_Shield\data\fake\fake_clone_0102.wav,1,fake,141.49660273776072
D:\Program Files Drive D\Voice detection\SIH26104_Voice_Shield\data\real\real_spk_0103.wav,0,real,97.04014177963967
D:\Program Files Drive D\Voice detection\SIH26104_Voice_Shield\data\fake\fake_clone_0103.wav,1,fake,97.04014177963967
D:\Program Files Drive D\Voice detection\SIH26104_Voice_Shield\data\real\real_spk_0104.wav,0,real,121.64659946002789
D:\Program Files Drive D\Voice detection\SIH26104_Voice_Shield\data\fake\fake_clone_0104.wav,1,fake,121.64659946002789
D:\Program Files Drive D\Voice detection\SIH26104_Voice_Shield\data\real\real_spk_0105.wav,0,real,205.90103675619832
D:\Program Files Drive D\Voice detection\SIH26104_Voice_Shield\data\fake\fake_clone_0105.wav,1,fake,205.90103675619832
D:\Program Files Drive D\Voice detection\SIH26104_Voice_Shield\data\real\real_spk_0106.wav,0,real,256.09017585613765
D:\Program Files Drive D\Voice detection\SIH26104_Voice_Shield\data\fake\fake_clone_0106.wav,1,fake,256.09017585613765
D:\Program Files Drive D\Voice detection\SIH26104_Voice_Shield\data\real\real_spk_0107.wav,0,real,259.6455929471133
D:\Program Files Drive D\Voice detection\SIH26104_Voice_Shield\data\fake\fake_clone_0107.wav,1,fake,259.6455929471133
D:\Program Files Drive D\Voice detection\SIH26104_Voice_Shield\data\real\real_spk_0108.wav,0,real,215.73009965571273
D:\Program Files Drive D\Voice detection\SIH26104_Voice_Shield\data\fake\fake_clone_0108.wav,1,fake,215.73009965571273
D:\Program Files Drive D\Voice detection\SIH26104_Voice_Shield\data\real\real_spk_0109.wav,0,real,144.08213183087656
D:\Program Files Drive D\Voice detection\SIH26104_Voice_Shield\data\fake\fake_clone_0109.wav,1,fake,144.08213183087656
D:\Program Files Drive D\Voice detection\SIH26104_Voice_Shield\data\real\real_spk_0110.wav,0,real,119.12926941946924
D:\Program Files Drive D\Voice detection\SIH26104_Voice_Shield\data\fake\fake_clone_0110.wav,1,fake,119.12926941946924
D:\Program Files Drive D\Voice detection\SIH26104_Voice_Shield\data\real\real_spk_0111.wav,0,real,165.51116565604565
D:\Program Files Drive D\Voice detection\SIH26104_Voice_Shield\data\fake\fake_clone_0111.wav,1,fake,165.51116565604565
D:\Program Files Drive D\Voice detection\SIH26104_Voice_Shield\data\real\real_spk_0112.wav,0,real,200.40392113101535
D:\Program Files Drive D\Voice detection\SIH26104_Voice_Shield\data\fake\fake_clone_0112.wav,1,fake,200.40392113101535
D:\Program Files Drive D\Voice detection\SIH26104_Voice_Shield\data\real\real_spk_0113.wav,0,real,111.70521089423693
D:\Program Files Drive D\Voice detection\SIH26104_Voice_Shield\data\fake\fake_clone_0113.wav,1,fake,111.70521089423693
D:\Program Files Drive D\Voice detection\SIH26104_Voice_Shield\data\real\real_spk_0114.wav,0,real,166.99178257314526
D:\Program Files Drive D\Voice detection\SIH26104_Voice_Shield\data\fake\fake_clone_0114.wav,1,fake,166.99178257314526
D:\Program Files Drive D\Voice detection\SIH26104_Voice_Shield\data\real\real_spk_0115.wav,0,real,155.24238657609368
D:\Program Files Drive D\Voice detection\SIH26104_Voice_Shield\data\fake\fake_clone_0115.wav,1,fake,155.24238657609368
D:\Program Files Drive D\Voice detection\SIH26104_Voice_Shield\data\real\real_spk_0116.wav,0,real,205.73981799684077
D:\Program Files Drive D\Voice detection\SIH26104_Voice_Shield\data\fake\fake_clone_0116.wav,1,fake,205.73981799684077
D:\Program Files Drive D\Voice detection\SIH26104_Voice_Shield\data\real\real_spk_0117.wav,0,real,114.91502026914002
D:\Program Files Drive D\Voice detection\SIH26104_Voice_Shield\data\fake\fake_clone_0117.wav,1,fake,114.91502026914002
D:\Program Files Drive D\Voice detection\SIH26104_Voice_Shield\data\real\real_spk_0118.wav,0,real,175.92383007402947
D:\Program Files Drive D\Voice detection\SIH26104_Voice_Shield\data\fake\fake_clone_0118.wav,1,fake,175.92383007402947
D:\Program Files Drive D\Voice detection\SIH26104_Voice_Shield\data\real\real_spk_0119.wav,0,real,257.4792673471835
D:\Program Files Drive D\Voice detection\SIH26104_Voice_Shield\data\fake\fake_clone_0119.wav,1,fake,257.4792673471835
D:\Program Files Drive D\Voice detection\SIH26104_Voice_Shield\data\real\real_spk_0120.wav,0,real,108.37885148003528
D:\Program Files Drive D\Voice detection\SIH26104_Voice_Shield\data\fake\fake_clone_0120.wav,1,fake,108.37885148003528
D:\Program Files Drive D\Voice detection\SIH26104_Voice_Shield\data\real\real_spk_0121.wav,0,real,256.2469786350919
D:\Program Files Drive D\Voice detection\SIH26104_Voice_Shield\data\fake\fake_clone_0121.wav,1,fake,256.2469786350919
D:\Program Files Drive D\Voice detection\SIH26104_Voice_Shield\data\real\real_spk_0122.wav,0,real,236.48520404306646
D:\Program Files Drive D\Voice detection\SIH26104_Voice_Shield\data\fake\fake_clone_0122.wav,1,fake,236.48520404306646
D:\Program Files Drive D\Voice detection\SIH26104_Voice_Shield\data\real\real_spk_0123.wav,0,real,123.92871006644464
D:\Program Files Drive D\Voice detection\SIH26104_Voice_Shield\data\fake\fake_clone_0123.wav,1,fake,123.92871006644464
D:\Program Files Drive D\Voice detection\SIH26104_Voice_Shield\data\real\real_spk_0124.wav,0,real,177.65597506768003
D:\Program Files Drive D\Voice detection\SIH26104_Voice_Shield\data\fake\fake_clone_0124.wav,1,fake,177.65597506768003
D:\Program Files Drive D\Voice detection\SIH26104_Voice_Shield\data\real\real_spk_0125.wav,0,real,152.9474214206175
D:\Program Files Drive D\Voice detection\SIH26104_Voice_Shield\data\fake\fake_clone_0125.wav,1,fake,152.9474214206175
D:\Program Files Drive D\Voice detection\SIH26104_Voice_Shield\data\real\real_spk_0126.wav,0,real,232.0744368472208
D:\Program Files Drive D\Voice detection\SIH26104_Voice_Shield\data\fake\fake_clone_0126.wav,1,fake,232.0744368472208
D:\Program Files Drive D\Voice detection\SIH26104_Voice_Shield\data\real\real_spk_0127.wav,0,real,257.25614364711873
D:\Program Files Drive D\Voice detection\SIH26104_Voice_Shield\data\fake\fake_clone_0127.wav,1,fake,257.25614364711873
D:\Program Files Drive D\Voice detection\SIH26104_Voice_Shield\data\real\real_spk_0128.wav,0,real,208.9471858400201
D:\Program Files Drive D\Voice detection\SIH26104_Voice_Shield\data\fake\fake_clone_0128.wav,1,fake,208.9471858400201
D:\Program Files Drive D\Voice detection\SIH26104_Voice_Shield\data\real\real_spk_0129.wav,0,real,127.21853138738733
D:\Program Files Drive D\Voice detection\SIH26104_Voice_Shield\data\fake\fake_clone_0129.wav,1,fake,127.21853138738733
D:\Program Files Drive D\Voice detection\SIH26104_Voice_Shield\data\real\real_spk_0130.wav,0,real,108.14074146503182
D:\Program Files Drive D\Voice detection\SIH26104_Voice_Shield\data\fake\fake_clone_0130.wav,1,fake,108.14074146503182
D:\Program Files Drive D\Voice detection\SIH26104_Voice_Shield\data\real\real_spk_0131.wav,0,real,242.56007358303162
D:\Program Files Drive D\Voice detection\SIH26104_Voice_Shield\data\fake\fake_clone_0131.wav,1,fake,242.56007358303162
D:\Program Files Drive D\Voice detection\SIH26104_Voice_Shield\data\real\real_spk_0132.wav,0,real,104.57766540936547
D:\Program Files Drive D\Voice detection\SIH26104_Voice_Shield\data\fake\fake_clone_0132.wav,1,fake,104.57766540936547
D:\Program Files Drive D\Voice detection\SIH26104_Voice_Shield\data\real\real_spk_0133.wav,0,real,169.74009412786987
D:\Program Files Drive D\Voice detection\SIH26104_Voice_Shield\data\fake\fake_clone_0133.wav,1,fake,169.74009412786987
D:\Program Files Drive D\Voice detection\SIH26104_Voice_Shield\data\real\real_spk_0134.wav,0,real,142.55025677525543
D:\Program Files Drive D\Voice detection\SIH26104_Voice_Shield\data\fake\fake_clone_0134.wav,1,fake,142.55025677525543
D:\Program Files Drive D\Voice detection\SIH26104_Voice_Shield\data\real\real_spk_0135.wav,0,real,123.52594475764599
D:\Program Files Drive D\Voice detection\SIH26104_Voice_Shield\data\fake\fake_clone_0135.wav,1,fake,123.52594475764599
D:\Program Files Drive D\Voice detection\SIH26104_Voice_Shield\data\real\real_spk_0136.wav,0,real,103.3281462160804
D:\Program Files Drive D\Voice detection\SIH26104_Voice_Shield\data\fake\fake_clone_0136.wav,1,fake,103.3281462160804
D:\Program Files Drive D\Voice detection\SIH26104_Voice_Shield\data\real\real_spk_0137.wav,0,real,100.41154392847976
D:\Program Files Drive D\Voice detection\SIH26104_Voice_Shield\data\fake\fake_clone_0137.wav,1,fake,100.41154392847976
D:\Program Files Drive D\Voice detection\SIH26104_Voice_Shield\data\real\real_spk_0138.wav,0,real,244.2072413481203
D:\Program Files Drive D\Voice detection\SIH26104_Voice_Shield\data\fake\fake_clone_0138.wav,1,fake,244.2072413481203
D:\Program Files Drive D\Voice detection\SIH26104_Voice_Shield\data\real\real_spk_0139.wav,0,real,105.75403776638561
D:\Program Files Drive D\Voice detection\SIH26104_Voice_Shield\data\fake\fake_clone_0139.wav,1,fake,105.75403776638561
D:\Program Files Drive D\Voice detection\SIH26104_Voice_Shield\data\real\real_spk_0140.wav,0,real,239.69188206114225
D:\Program Files Drive D\Voice detection\SIH26104_Voice_Shield\data\fake\fake_clone_0140.wav,1,fake,239.69188206114225
D:\Program Files Drive D\Voice detection\SIH26104_Voice_Shield\data\real\real_spk_0141.wav,0,real,153.18265474218583
D:\Program Files Drive D\Voice detection\SIH26104_Voice_Shield\data\fake\fake_clone_0141.wav,1,fake,153.18265474218583
D:\Program Files Drive D\Voice detection\SIH26104_Voice_Shield\data\real\real_spk_0142.wav,0,real,88.74705129847243
D:\Program Files Drive D\Voice detection\SIH26104_Voice_Shield\data\fake\fake_clone_0142.wav,1,fake,88.74705129847243
D:\Program Files Drive D\Voice detection\SIH26104_Voice_Shield\data\real\real_spk_0143.wav,0,real,176.35427918634554
D:\Program Files Drive D\Voice detection\SIH26104_Voice_Shield\data\fake\fake_clone_0143.wav,1,fake,176.35427918634554
D:\Program Files Drive D\Voice detection\SIH26104_Voice_Shield\data\real\real_spk_0144.wav,0,real,158.53550838198913
D:\Program Files Drive D\Voice detection\SIH26104_Voice_Shield\data\fake\fake_clone_0144.wav,1,fake,158.53550838198913
D:\Program Files Drive D\Voice detection\SIH26104_Voice_Shield\data\real\real_spk_0145.wav,0,real,182.7255207173048
D:\Program Files Drive D\Voice detection\SIH26104_Voice_Shield\data\fake\fake_clone_0145.wav,1,fake,182.7255207173048
D:\Program Files Drive D\Voice detection\SIH26104_Voice_Shield\data\real\real_spk_0146.wav,0,real,105.9379949579137
D:\Program Files Drive D\Voice detection\SIH26104_Voice_Shield\data\fake\fake_clone_0146.wav,1,fake,105.9379949579137
D:\Program Files Drive D\Voice detection\SIH26104_Voice_Shield\data\real\real_spk_0147.wav,0,real,91.8050619906842
D:\Program Files Drive D\Voice detection\SIH26104_Voice_Shield\data\fake\fake_clone_0147.wav,1,fake,91.8050619906842
D:\Program Files Drive D\Voice detection\SIH26104_Voice_Shield\data\real\real_spk_0148.wav,0,real,232.231496607344
D:\Program Files Drive D\Voice detection\SIH26104_Voice_Shield\data\fake\fake_clone_0148.wav,1,fake,232.231496607344
D:\Program Files Drive D\Voice detection\SIH26104_Voice_Shield\data\real\real_spk_0149.wav,0,real,116.54112752654211
D:\Program Files Drive D\Voice detection\SIH26104_Voice_Shield\data\fake\fake_clone_0149.wav,1,fake,116.54112752654211
D:\Program Files Drive D\Voice detection\SIH26104_Voice_Shield\data\real\real_spk_0150.wav,0,real,90.64813735568872
D:\Program Files Drive D\Voice detection\SIH26104_Voice_Shield\data\fake\fake_clone_0150.wav,1,fake,90.64813735568872
D:\Program Files Drive D\Voice detection\SIH26104_Voice_Shield\data\real\real_spk_0151.wav,0,real,222.00606006651282
D:\Program Files Drive D\Voice detection\SIH26104_Voice_Shield\data\fake\fake_clone_0151.wav,1,fake,222.00606006651282
D:\Program Files Drive D\Voice detection\SIH26104_Voice_Shield\data\real\real_spk_0152.wav,0,real,238.20530672722043
D:\Program Files Drive D\Voice detection\SIH26104_Voice_Shield\data\fake\fake_clone_0152.wav,1,fake,238.20530672722043
D:\Program Files Drive D\Voice detection\SIH26104_Voice_Shield\data\real\real_spk_0153.wav,0,real,106.86824523513616
D:\Program Files Drive D\Voice detection\SIH26104_Voice_Shield\data\fake\fake_clone_0153.wav,1,fake,106.86824523513616
D:\Program Files Drive D\Voice detection\SIH26104_Voice_Shield\data\real\real_spk_0154.wav,0,real,205.78777013946439
D:\Program Files Drive D\Voice detection\SIH26104_Voice_Shield\data\fake\fake_clone_0154.wav,1,fake,205.78777013946439
D:\Program Files Drive D\Voice detection\SIH26104_Voice_Shield\data\real\real_spk_0155.wav,0,real,170.60919050507732
D:\Program Files Drive D\Voice detection\SIH26104_Voice_Shield\data\fake\fake_clone_0155.wav,1,fake,170.60919050507732
D:\Program Files Drive D\Voice detection\SIH26104_Voice_Shield\data\real\real_spk_0156.wav,0,real,110.13986911177805
D:\Program Files Drive D\Voice detection\SIH26104_Voice_Shield\data\fake\fake_clone_0156.wav,1,fake,110.13986911177805
D:\Program Files Drive D\Voice detection\SIH26104_Voice_Shield\data\real\real_spk_0157.wav,0,real,145.1957791378328
D:\Program Files Drive D\Voice detection\SIH26104_Voice_Shield\data\fake\fake_clone_0157.wav,1,fake,145.1957791378328
D:\Program Files Drive D\Voice detection\SIH26104_Voice_Shield\data\real\real_spk_0158.wav,0,real,221.9834758095166
D:\Program Files Drive D\Voice detection\SIH26104_Voice_Shield\data\fake\fake_clone_0158.wav,1,fake,221.9834758095166
D:\Program Files Drive D\Voice detection\SIH26104_Voice_Shield\data\real\real_spk_0159.wav,0,real,228.95297545923913
D:\Program Files Drive D\Voice detection\SIH26104_Voice_Shield\data\fake\fake_clone_0159.wav,1,fake,228.95297545923913
D:\Program Files Drive D\Voice detection\SIH26104_Voice_Shield\data\real\real_spk_0160.wav,0,real,175.86153432341462
D:\Program Files Drive D\Voice detection\SIH26104_Voice_Shield\data\fake\fake_clone_0160.wav,1,fake,175.86153432341462
D:\Program Files Drive D\Voice detection\SIH26104_Voice_Shield\data\real\real_spk_0161.wav,0,real,225.33431334572256
D:\Program Files Drive D\Voice detection\SIH26104_Voice_Shield\data\fake\fake_clone_0161.wav,1,fake,225.33431334572256
D:\Program Files Drive D\Voice detection\SIH26104_Voice_Shield\data\real\real_spk_0162.wav,0,real,259.8130465203888
D:\Program Files Drive D\Voice detection\SIH26104_Voice_Shield\data\fake\fake_clone_0162.wav,1,fake,259.8130465203888
D:\Program Files Drive D\Voice detection\SIH26104_Voice_Shield\data\real\real_spk_0163.wav,0,real,91.61504273306497
D:\Program Files Drive D\Voice detection\SIH26104_Voice_Shield\data\fake\fake_clone_0163.wav,1,fake,91.61504273306497
D:\Program Files Drive D\Voice detection\SIH26104_Voice_Shield\data\real\real_spk_0164.wav,0,real,156.01587706943803
D:\Program Files Drive D\Voice detection\SIH26104_Voice_Shield\data\fake\fake_clone_0164.wav,1,fake,156.01587706943803
D:\Program Files Drive D\Voice detection\SIH26104_Voice_Shield\data\real\real_spk_0165.wav,0,real,88.12316061854631
D:\Program Files Drive D\Voice detection\SIH26104_Voice_Shield\data\fake\fake_clone_0165.wav,1,fake,88.12316061854631
D:\Program Files Drive D\Voice detection\SIH26104_Voice_Shield\data\real\real_spk_0166.wav,0,real,142.10050201383766
D:\Program Files Drive D\Voice detection\SIH26104_Voice_Shield\data\fake\fake_clone_0166.wav,1,fake,142.10050201383766
D:\Program Files Drive D\Voice detection\SIH26104_Voice_Shield\data\real\real_spk_0167.wav,0,real,215.19013149729275
D:\Program Files Drive D\Voice detection\SIH26104_Voice_Shield\data\fake\fake_clone_0167.wav,1,fake,215.19013149729275
D:\Program Files Drive D\Voice detection\SIH26104_Voice_Shield\data\real\real_spk_0168.wav,0,real,148.8886585392023
D:\Program Files Drive D\Voice detection\SIH26104_Voice_Shield\data\fake\fake_clone_0168.wav,1,fake,148.8886585392023
D:\Program Files Drive D\Voice detection\SIH26104_Voice_Shield\data\real\real_spk_0169.wav,0,real,157.75145879502503
D:\Program Files Drive D\Voice detection\SIH26104_Voice_Shield\data\fake\fake_clone_0169.wav,1,fake,157.75145879502503
D:\Program Files Drive D\Voice detection\SIH26104_Voice_Shield\data\real\real_spk_0170.wav,0,real,106.13227873457785
D:\Program Files Drive D\Voice detection\SIH26104_Voice_Shield\data\fake\fake_clone_0170.wav,1,fake,106.13227873457785
D:\Program Files Drive D\Voice detection\SIH26104_Voice_Shield\data\real\real_spk_0171.wav,0,real,92.16792660154005
D:\Program Files Drive D\Voice detection\SIH26104_Voice_Shield\data\fake\fake_clone_0171.wav,1,fake,92.16792660154005
D:\Program Files Drive D\Voice detection\SIH26104_Voice_Shield\data\real\real_spk_0172.wav,0,real,237.13079180031644
D:\Program Files Drive D\Voice detection\SIH26104_Voice_Shield\data\fake\fake_clone_0172.wav,1,fake,237.13079180031644
D:\Program Files Drive D\Voice detection\SIH26104_Voice_Shield\data\real\real_spk_0173.wav,0,real,197.15746282490582
D:\Program Files Drive D\Voice detection\SIH26104_Voice_Shield\data\fake\fake_clone_0173.wav,1,fake,197.15746282490582
D:\Program Files Drive D\Voice detection\SIH26104_Voice_Shield\data\real\real_spk_0174.wav,0,real,191.26048840588902
D:\Program Files Drive D\Voice detection\SIH26104_Voice_Shield\data\fake\fake_clone_0174.wav,1,fake,191.26048840588902
D:\Program Files Drive D\Voice detection\SIH26104_Voice_Shield\data\real\real_spk_0175.wav,0,real,177.84333799959947
D:\Program Files Drive D\Voice detection\SIH26104_Voice_Shield\data\fake\fake_clone_0175.wav,1,fake,177.84333799959947
D:\Program Files Drive D\Voice detection\SIH26104_Voice_Shield\data\real\real_spk_0176.wav,0,real,140.74498778603083
D:\Program Files Drive D\Voice detection\SIH26104_Voice_Shield\data\fake\fake_clone_0176.wav,1,fake,140.74498778603083
D:\Program Files Drive D\Voice detection\SIH26104_Voice_Shield\data\real\real_spk_0177.wav,0,real,90.2485671898791
D:\Program Files Drive D\Voice detection\SIH26104_Voice_Shield\data\fake\fake_clone_0177.wav,1,fake,90.2485671898791
D:\Program Files Drive D\Voice detection\SIH26104_Voice_Shield\data\real\real_spk_0178.wav,0,real,240.20379833156701
D:\Program Files Drive D\Voice detection\SIH26104_Voice_Shield\data\fake\fake_clone_0178.wav,1,fake,240.20379833156701
D:\Program Files Drive D\Voice detection\SIH26104_Voice_Shield\data\real\real_spk_0179.wav,0,real,197.12447772963742
D:\Program Files Drive D\Voice detection\SIH26104_Voice_Shield\data\fake\fake_clone_0179.wav,1,fake,197.12447772963742
D:\Program Files Drive D\Voice detection\SIH26104_Voice_Shield\data\real\real_spk_0180.wav,0,real,234.9969106029091
D:\Program Files Drive D\Voice detection\SIH26104_Voice_Shield\data\fake\fake_clone_0180.wav,1,fake,234.9969106029091
D:\Program Files Drive D\Voice detection\SIH26104_Voice_Shield\data\real\real_spk_0181.wav,0,real,123.64876816403542
D:\Program Files Drive D\Voice detection\SIH26104_Voice_Shield\data\fake\fake_clone_0181.wav,1,fake,123.64876816403542
D:\Program Files Drive D\Voice detection\SIH26104_Voice_Shield\data\real\real_spk_0182.wav,0,real,92.6377190682853
D:\Program Files Drive D\Voice detection\SIH26104_Voice_Shield\data\fake\fake_clone_0182.wav,1,fake,92.6377190682853
D:\Program Files Drive D\Voice detection\SIH26104_Voice_Shield\data\real\real_spk_0183.wav,0,real,249.08024197112871
D:\Program Files Drive D\Voice detection\SIH26104_Voice_Shield\data\fake\fake_clone_0183.wav,1,fake,249.08024197112871
D:\Program Files Drive D\Voice detection\SIH26104_Voice_Shield\data\real\real_spk_0184.wav,0,real,140.62582763648373
D:\Program Files Drive D\Voice detection\SIH26104_Voice_Shield\data\fake\fake_clone_0184.wav,1,fake,140.62582763648373
D:\Program Files Drive D\Voice detection\SIH26104_Voice_Shield\data\real\real_spk_0185.wav,0,real,196.6509478888578
D:\Program Files Drive D\Voice detection\SIH26104_Voice_Shield\data\fake\fake_clone_0185.wav,1,fake,196.6509478888578
D:\Program Files Drive D\Voice detection\SIH26104_Voice_Shield\data\real\real_spk_0186.wav,0,real,85.86194157691837
D:\Program Files Drive D\Voice detection\SIH26104_Voice_Shield\data\fake\fake_clone_0186.wav,1,fake,85.86194157691837
D:\Program Files Drive D\Voice detection\SIH26104_Voice_Shield\data\real\real_spk_0187.wav,0,real,112.93895863503391
D:\Program Files Drive D\Voice detection\SIH26104_Voice_Shield\data\fake\fake_clone_0187.wav,1,fake,112.93895863503391
D:\Program Files Drive D\Voice detection\SIH26104_Voice_Shield\data\real\real_spk_0188.wav,0,real,99.33100453646149
D:\Program Files Drive D\Voice detection\SIH26104_Voice_Shield\data\fake\fake_clone_0188.wav,1,fake,99.33100453646149
D:\Program Files Drive D\Voice detection\SIH26104_Voice_Shield\data\real\real_spk_0189.wav,0,real,221.83974974043508
D:\Program Files Drive D\Voice detection\SIH26104_Voice_Shield\data\fake\fake_clone_0189.wav,1,fake,221.83974974043508
D:\Program Files Drive D\Voice detection\SIH26104_Voice_Shield\data\real\real_spk_0190.wav,0,real,150.73812052281136
D:\Program Files Drive D\Voice detection\SIH26104_Voice_Shield\data\fake\fake_clone_0190.wav,1,fake,150.73812052281136
D:\Program Files Drive D\Voice detection\SIH26104_Voice_Shield\data\real\real_spk_0191.wav,0,real,237.80741816752226
D:\Program Files Drive D\Voice detection\SIH26104_Voice_Shield\data\fake\fake_clone_0191.wav,1,fake,237.80741816752226
D:\Program Files Drive D\Voice detection\SIH26104_Voice_Shield\data\real\real_spk_0192.wav,0,real,127.57353171869038
D:\Program Files Drive D\Voice detection\SIH26104_Voice_Shield\data\fake\fake_clone_0192.wav,1,fake,127.57353171869038
D:\Program Files Drive D\Voice detection\SIH26104_Voice_Shield\data\real\real_spk_0193.wav,0,real,129.73048548460423
D:\Program Files Drive D\Voice detection\SIH26104_Voice_Shield\data\fake\fake_clone_0193.wav,1,fake,129.73048548460423
D:\Program Files Drive D\Voice detection\SIH26104_Voice_Shield\data\real\real_spk_0194.wav,0,real,250.22618645217315
D:\Program Files Drive D\Voice detection\SIH26104_Voice_Shield\data\fake\fake_clone_0194.wav,1,fake,250.22618645217315
D:\Program Files Drive D\Voice detection\SIH26104_Voice_Shield\data\real\real_spk_0195.wav,0,real,91.9923438906874
D:\Program Files Drive D\Voice detection\SIH26104_Voice_Shield\data\fake\fake_clone_0195.wav,1,fake,91.9923438906874
D:\Program Files Drive D\Voice detection\SIH26104_Voice_Shield\data\real\real_spk_0196.wav,0,real,184.84551725179506
D:\Program Files Drive D\Voice detection\SIH26104_Voice_Shield\data\fake\fake_clone_0196.wav,1,fake,184.84551725179506
D:\Program Files Drive D\Voice detection\SIH26104_Voice_Shield\data\real\real_spk_0197.wav,0,real,158.89680330815895
D:\Program Files Drive D\Voice detection\SIH26104_Voice_Shield\data\fake\fake_clone_0197.wav,1,fake,158.89680330815895
D:\Program Files Drive D\Voice detection\SIH26104_Voice_Shield\data\real\real_spk_0198.wav,0,real,101.1900646165357
D:\Program Files Drive D\Voice detection\SIH26104_Voice_Shield\data\fake\fake_clone_0198.wav,1,fake,101.1900646165357
D:\Program Files Drive D\Voice detection\SIH26104_Voice_Shield\data\real\real_spk_0199.wav,0,real,188.10464315600194
D:\Program Files Drive D\Voice detection\SIH26104_Voice_Shield\data\fake\fake_clone_0199.wav,1,fake,188.10464315600194
